Job Title,Required Skills,Responsibilities
Python Developer,"Python, Flask, Django, Git, SQL","Responsible for executing core duties as a Python Developer. Lead team efforts, collaborate with stakeholders, and deliver high-quality results."
Frontend Engineer,"HTML, CSS, JavaScript, React, Figma","Responsible for executing core duties as a Frontend Engineer. Lead team efforts, collaborate with stakeholders, and deliver high-quality results."
Data Analyst,"SQL, Excel, Tableau, Python, Power BI","Responsible for executing core duties as a Data Analyst. Lead team efforts, collaborate with stakeholders, and deliver high-quality results."
Cloud Architect,"AWS, Azure, Terraform, Linux, Docker","Responsible for executing core duties as a Cloud Architect. Lead team efforts, collaborate with stakeholders, and deliver high-quality results."
IT Support Specialist,"Troubleshooting, Windows OS, Active Directory, Networking, Customer Support","Responsible for executing core duties as a IT Support Specialist. Lead team efforts, collaborate with stakeholders, and deliver high-quality results."
DevOps Engineer,"CI/CD, Jenkins, Docker, Kubernetes, Git","Responsible for executing core duties as a DevOps Engineer. Lead team efforts, collaborate with stakeholders, and deliver high-quality results."
Mobile App Developer,"Flutter, React Native, Java, Swift, Firebase","Responsible for executing core duties as a Mobile App Developer. Lead team efforts, collaborate with stakeholders, and deliver high-quality results."
UX/UI Designer,"Figma, Sketch, Wireframing, User Research, Adobe XD","Responsible for executing core duties as a UX/UI Designer. Lead team efforts, collaborate with stakeholders, and deliver high-quality results."
Machine Learning Engineer,"Python, TensorFlow, Scikit-learn, Data Preprocessing, Model Deployment","Responsible for executing core duties as a Machine Learning Engineer. Lead team efforts, collaborate with stakeholders, and deliver high-quality results."
Cybersecurity Analyst,"Network Security, Firewalls, SIEM, Threat Analysis, Python","Responsible for executing core duties as a Cybersecurity Analyst. Lead team efforts, collaborate with stakeholders, and deliver high-quality results."
Database Administrator,"SQL, Oracle, Backup and Recovery, Performance Tuning, NoSQL","Responsible for executing core duties as a Database Administrator. Lead team efforts, collaborate with stakeholders, and deliver high-quality results."
Network Engineer,"TCP/IP, Routing, Switching, Cisco, Firewall","Responsible for executing core duties as a Network Engineer. Lead team efforts, collaborate with stakeholders, and deliver high-quality results."
Full Stack Developer,"HTML, CSS, JavaScript, Node.js, MongoDB","Responsible for executing core duties as a Full Stack Developer. Lead team efforts, collaborate with stakeholders, and deliver high-quality results."
QA Automation Tester,"Selenium, JUnit, TestNG, Bug Tracking, CI/CD","Responsible for executing core duties as a QA Automation Tester. Lead team efforts, collaborate with stakeholders, and deliver high-quality results."
Technical Writer,"Documentation, Markdown, API Reference, XML, DITA","Responsible for executing core duties as a Technical Writer. Lead team efforts, collaborate with stakeholders, and deliver high-quality results."
Product Manager,"Roadmapping, Agile, JIRA, User Stories, Data Analysis","Responsible for executing core duties as a Product Manager. Lead team efforts, collaborate with stakeholders, and deliver high-quality results."
AI Research Scientist,"Deep Learning, PyTorch, TensorFlow, NLP, Mathematics","Responsible for executing core duties as a AI Research Scientist. Lead team efforts, collaborate with stakeholders, and deliver high-quality results."
System Administrator,"Linux, Bash, User Management, Virtualization, Monitoring Tools","Responsible for executing core duties as a System Administrator. Lead team efforts, collaborate with stakeholders, and deliver high-quality results."
Business Intelligence Analyst,"Power BI, Data Warehousing, ETL, SQL, Dashboarding","Responsible for executing core duties as a Business Intelligence Analyst. Lead team efforts, collaborate with stakeholders, and deliver high-quality results."
Game Developer,"Unity, C#, Game Physics, 3D Modeling, Git","Responsible for executing core duties as a Game Developer. Lead team efforts, collaborate with stakeholders, and deliver high-quality results."
Digital Marketing Specialist,"SEO, Google Ads, Content Marketing, Analytics, Social Media","Responsible for executing core duties as a Digital Marketing Specialist. Lead team efforts, collaborate with stakeholders, and deliver high-quality results."
Blockchain Developer,"Solidity, Ethereum, Smart Contracts, Web3.js, Cryptography","Responsible for executing core duties as a Blockchain Developer. Lead team efforts, collaborate with stakeholders, and deliver high-quality results."
Embedded Systems Engineer,"C, Microcontrollers, RTOS, PCB Design, IoT","Responsible for executing core duties as a Embedded Systems Engineer. Lead team efforts, collaborate with stakeholders, and deliver high-quality results."
Site Reliability Engineer,"Monitoring, Incident Response, CloudOps, Scripting, CI/CD","Responsible for executing core duties as a Site Reliability Engineer. Lead team efforts, collaborate with stakeholders, and deliver high-quality results."
SEO Specialist,"SEO Tools, Keyword Research, Link Building, Analytics, Content Optimization","Responsible for executing core duties as a SEO Specialist. Lead team efforts, collaborate with stakeholders, and deliver high-quality results."
Content Strategist,"Content Planning, Copywriting, SEO, CMS, Analytics","Responsible for executing core duties as a Content Strategist. Lead team efforts, collaborate with stakeholders, and deliver high-quality results."
Data Engineer,"ETL, Python, SQL, Big Data, Spark","Responsible for executing core duties as a Data Engineer. Lead team efforts, collaborate with stakeholders, and deliver high-quality results."
Software Tester,"Manual Testing, Test Cases, Bug Reports, Regression Testing, Agile","Responsible for executing core duties as a Software Tester. Lead team efforts, collaborate with stakeholders, and deliver high-quality results."
Solutions Architect,"System Design, Cloud, Stakeholder Communication, Security, APIs","Responsible for executing core duties as a Solutions Architect. Lead team efforts, collaborate with stakeholders, and deliver high-quality results."
IT Project Manager,"Project Planning, Scrum, Risk Management, JIRA, Budgeting","Responsible for executing core duties as a IT Project Manager. Lead team efforts, collaborate with stakeholders, and deliver high-quality results."
